"country","SFTGcode","COW","risk_in_2019","risk_in_2019_20","anymk.ongoing","anymk.ever","reg.afr","reg.eap","reg.eur","reg.mna","reg.sca","countryage.ln","popsize.ln.combined","imr.sqrt","gdppcgrowth.combined","ios.iccpr1","includesnonstate","durable.ln","minorityrule","elf.ethnic","battledeaths.ln","candidaterestriction","partyban","judicialreform","religiousfreedom","pol_killing_approved","freemove_men4","freemove_women4","freediscussion","social_inequality","even_civilrights","repress_civilsoc","social_power_dist","ses_power_dist","tradeshare.ln.combined","coup.try.5yr","polity2.fl.2","polity2.fl.3"
"Afghanistan","AFG",700,0.08977,0.2081,1,1,0,0,0,0,1,4.60517018598809,17.4277356673341,6.92098258919931,0.00181561087168247,0,1,1.6094379124341,0,0.77,10.1534677578039,1,4,1,2,0,0,0,0.61,0,0,0,1,-0.91,-2.35914777816913,0,1,0
"Democratic Republic of Congo","ZAI",490,0.07177,0.1382,1,1,1,0,0,0,0,4.07753744390572,18.2400426926,8.25832912882503,0.0407750917694594,1,1,1.09861228866811,1,0.87,6.04263283368238,1,4,2,3,0,0,0,0.409,0,0,0,1,-0.695,-2.08349797681041,0,1,0
"Pakistan","PAK",770,0.06699,0.1794,1,1,0,0,0,0,1,4.27666611901606,19.1642138693071,7.56306816047562,0.0380725463740023,0,1,2.39789527279837,1,0.71,5.29330482472449,1,4,1,1,1,0,0,0.547,0,0,0,1,-1.337,-3.11168388495533,0,0,1
"Yemen","YEM",679,0.06481,0.184,0,0,0,0,0,1,0,3.36729582998647,17.164069714904,6.54980915752513,-0.0289425131217315,0,1,0,1,0.135,8.41715183723601,1,4,1,0,1,0,0,0.231,1,0,0,1,-1.21,-2.80311933974335,0,1,0
"South Sudan","SSD",626,0.06471,0.1559,1,1,1,0,0,0,0,2.07944154167984,16.2237773036872,7.98122797569397,-0.0065,0,1,0,1,0.73,6.28599809450886,1,3,1,2,1,0,0,0.112,1,0,1,1,-1.664,-1.57066599339285,0,1,0
"Sudan","SUD",625,0.06059,0.121,1,1,1,0,0,0,0,4.14313472639153,17.5443584027932,6.48845127900333,-0.0258054335139856,0,1,2.07944154167984,1,0.71,5.50938833662798,1,3,1,1,1,0,0,0.175,0,0,0,1,-0.241,-3.34736766134705,0,1,0
"Somalia","SOM",520,0.05361,0.09386,1,1,1,0,0,0,0,4.07753744390572,16.5306337506932,8.75214259481643,0.024,1,1,1.94591014905531,0,0.81,7.69984240739699,1,4,1,1,0,0,0,0.473,0,0,0,1,-0.185,-1.45359966107972,0,1,0
"Egypt","EGY",651,0.04689,0.1375,0,1,0,0,0,1,0,4.18965474202643,18.3972612696325,4.25440947723653,0.0371174492681995,1,1,1.79175946922805,0,0.18,6.55819780281227,1,3,1,2,0,0,0,0.182,1,0,0,1,-0.174,-2.50885970066416,0,1,0
"Ethiopia","ETI",530,0.0424,0.07521,1,1,1,0,0,0,0,7.6586995582683,18.5011347029211,6.25299928034539,0.0494470251561767,0,1,0,1,0.72,0,1,4,2,3,0,0,0,0.536,0,0,0,1,0.15,-2.99217789618874,0,1,0
"Cameroon","CAO",471,0.03964,0.07591,0,0,1,0,0,0,0,4.07753744390572,17.0428372890981,7.1133676975115,0.0251325654639157,1,1,3.29583686600433,1,0.86,6.62804137617953,0,4,1,4,0,0,0,0.364,0,0,0,1,-0.059,-2.73501406748219,0,1,0
"Angola","ANG",540,0.03113,0.07267,0,1,1,0,0,0,0,3.78418963391826,17.241387231661,7.18331399842719,-0.0242615331755644,1,1,3.09104245335832,1,0.79,0,1,4,1,3,0,0,0,0.493,0,0,0,1,-1.283,-2.3276971483657,0,1,0
"India","IND",750,0.02954,0.06735,1,1,0,0,0,0,1,4.27666611901606,21.0154125955413,5.46808924579693,0.0508659038515786,0,1,4.23410650459726,0,0.42,6.58202513889283,1,4,1,3,0,1,1,0.779,0,0,0,1,0.383,-2.63349861819157,0,0,1
"Libya","LIB",620,0.02577,0.06851,0,1,0,0,0,1,0,4.21950770517611,15.7412805196629,3.19374388453426,0.0579198138392791,1,1,0,0,0.79,3.80666248977032,1,3,1,1,0,0,0,0.249,0,0,0,1,1.684,-1.51836757017956,0,1,0
"Republic of the Congo","CON",484,0.02551,0.06544,0,1,1,0,0,0,0,4.07753744390572,15.5094017127219,6.01664358259653,0.0017735313680567,1,1,3.09104245335832,0,0.87,0,1,4,1,3,1,0,0,0.17,0,0,0,1,0.009,-1.2213293818499,0,1,0
"Nigeria","NIG",475,0.02529,0.05211,1,1,1,0,0,0,0,4.07753744390572,19.0841878811844,8.70057469366248,0.00928735617286558,0,1,1.38629436111989,0,0.85,7.06646697013696,0,4,2,3,0,1,1,0.814,0,0,0,1,-0.618,-3.42316960444765,0,0,1
"Turkey","TUR",640,0.02462,0.03932,0,1,0,0,1,0,0,4.56434819146784,18.2190896674637,3.01662062579967,0.0144741403034939,1,1,1.09861228866811,1,0.32,6.78784498230958,1,4,0,2,0,1,0,0.143,1,0,0,1,1.108,-2.26142691753521,1,1,0
"Uganda","UGA",500,0.02407,0.05193,0,1,1,0,0,0,0,4.04305126783455,17.5660371086334,5.81377674149945,0.0435129917665664,1,1,2.63905732961526,0,0.93,5.81413053182507,1,4,1,4,0,1,0,0.371,0,0,0,1,1.548,-2.52016214822827,0,1,0
"Burundi","BUI",516,0.02377,0.05431,0,1,1,0,0,0,0,4.04305126783455,16.2413868072262,6.40312423743285,0.00650759269841058,0,1,1.38629436111989,0,0.3,0,1,3,0,4,1,0,0,0.067,0,1,0,1,-0.681,-2.76885463317771,1,1,0
"Haiti","HAI",41,0.02344,0.03769,0,1,0,0,0,0,0,5.37063802812766,16.2368079356749,7.03562363973514,0.00555081573769512,0,1,0.693147180559945,1,0.1,0,1,4,0,3,0,0,0,0.46,0,0,0,1,-0.633,-2.01432545049795,0,1,0
"Syria","SYR",652,0.02331,0.05356,1,1,0,0,0,1,0,4.29045944114839,16.6478742422253,3.74165738677394,-0.137931034482759,0,1,4.02535169073515,1,0.54,9.35001535404867,1,2,0,2,1,0,0,0.108,1,0,0,1,-1.662,-1.22727749164146,0,0,0
"Burma/Myanmar","MYA",775,0.0228,0.03858,1,1,0,1,0,0,0,4.26267987704132,17.7936686661806,6.06630035524124,0.0444187785070249,0,1,1.09861228866811,0,0.51,4.57471097850338,1,4,1,2,0,0,0,0.639,1,0,0,1,-0.049,-2.74362851181663,0,0,1
"Rwanda","RWA",517,0.02278,0.03877,0,1,1,0,0,0,0,4.04305126783455,16.3354141925217,5.19615242270663,0.0647885601534069,0,1,3.2188758248682,1,0.32,3.25809653802148,1,2,1,3,0,0,0,0.309,0,0,0,1,-0.472,-2.43734421653079,0,1,0
"Venezuela","VEN",101,0.02255,0.02963,0,0,0,0,0,0,0,5.24174701505964,17.1769089307494,4.62601340248815,-0.132867132867133,1,1,0.693147180559945,1,0.5,0,1,3,1,3,0,0,0,0.364,0,0,0,1,0.764,-1.51362116839082,0,1,0
"Chad","CHA",483,0.02197,0.03874,0,1,1,0,0,0,0,4.07753744390572,16.5609437560044,8.44985206971104,0.0150898326923705,1,1,3.29583686600433,1,0.86,5.01727983681492,0,4,0,3,0,1,0,0.415,0,0,0,1,-1.137,-2.04193746948967,0,1,0
"Iraq","IRQ",645,0.02173,0.04636,1,1,0,0,0,1,0,4.46590811865458,17.4608811312341,4.74341649025257,-0.00146616445545345,0,1,1.6094379124341,0,0.37,6.72383244082121,1,3,1,2,0,0,0,0.389,0,0,0,1,0.008,-1.93443916931072,0,0,1
"Mali","MLI",432,0.02134,0.03256,0,0,1,0,0,0,0,4.07753744390572,16.7670396020675,7.87400787401181,0.033704465187235,1,1,1.79175946922805,0,0.69,6.24997524225948,1,4,1,3,0,1,1,0.519,0,0,0,0,0.708,-2.24304031313533,0,1,0
"Mozambique","MZM",541,0.02011,0.04599,0,1,1,0,0,0,0,3.78418963391826,17.1981694141367,7.34846922834953,0.0202286588571761,0,1,3.2188758248682,0,0.69,3.97029191355212,1,4,1,4,0,1,1,0.649,0,0,0,0,1.123,-1.52875100808867,0,1,0
"Thailand","THI",800,0.01912,0.02443,1,1,0,1,0,0,0,6.50578406012823,18.0493418076314,2.79284800875379,0.0273522221053134,0,1,1.6094379124341,1,0.63,3.61091791264422,1,3,1,3,0,1,0,0.253,0,0,0,1,0.259,-1.47331510685773,1,1,0
"Central African Republic","CEN",482,0.01849,0.02523,1,1,1,0,0,0,0,4.07753744390572,15.3982802058268,9.19238815542512,0.0290943272948309,1,1,1.09861228866811,0,0.83,3.87120101090789,1,4,1,3,0,0,0,0.555,0,0,0,1,0.561,-2.60901069982646,0,0,1
"Tanzania","TAZ",510,0.01827,0.04247,0,1,1,0,0,0,0,4.06044301054642,17.8409038156055,6.13188388670236,0.0361769288708982,0,1,1.38629436111989,0,0.74,0,1,4,1,3,0,1,1,0.676,0,0,0,0,0.662,-2.65756792786403,0,1,0
"China","CHN",710,0.01823,0.0337,0,1,0,1,0,0,0,7.71423114484909,21.0446316168747,2.72029410174709,0.0477149290984155,0,1,4.24849524204936,1,0.15,0,1,0,1,0,0,0,0,0.295,0,0,0,1,-0.263,-2.76610579514216,0,0,0
"Kenya","KEN",501,0.01812,0.04142,0,0,1,0,0,0,0,4.02535169073515,17.7498113690087,5.53172667437573,0.0454055271842017,0,1,2.83321334405622,0,0.86,4.24849524204936,1,4,1,3,0,0,0,0.847,0,0,0,1,0.439,-2.82740090075111,0,0,1
"Niger","NIR",436,0.01737,0.02708,0,0,1,0,0,0,0,4.07753744390572,16.9275445356317,6.92820323027551,0.0359519235482212,1,1,2.07944154167984,0,0.65,4.31748811353631,1,4,2,4,0,1,1,0.849,0,0,0,0,0.848,-2.48798976417446,0,1,0
"Ivory Coast","IVO",437,0.01721,0.03425,0,1,1,0,0,0,0,4.07753744390572,17.0370482120269,7.70713954719908,0.0545806295231929,1,1,2.07944154167984,0,0.82,0,1,4,1,4,0,1,1,0.835,0,0,0,0,0.427,-2.28655115887802,0,1,0
"Algeria","ALG",615,0.01711,0.03999,0,1,0,0,0,1,0,4.04305126783455,17.5544586275462,4.48330235429198,0.0106284997956765,1,1,2.70805020110221,0,0.34,3.52636052461616,1,3,1,1,0,1,0,0.69,0,0,0,1,0.609,-2.27715893425317,0,1,0
"Russia","RUS",365,0.01606,0.02742,0,1,0,0,1,0,0,3.3322045101752,18.780295937899,2.46981780704569,0.0119046030567803,1,1,2.94443897916644,0,0.25,3.36729582998647,1,3,1,3,0,1,1,0.595,0,0,0,0,-0.654,-2.43729411498889,0,1,0
"Guinea","GUI",438,0.01517,0.02516,0,1,1,0,0,0,0,4.11087386417331,16.3443265023562,8.05605362444913,0.0646872714396277,1,1,1.79175946922805,1,0.74,0,1,4,1,4,0,1,1,0.471,0,0,0,1,-0.228,-1.39766040627741,0,1,0
"Ukraine","UKR",369,0.01503,0.02386,0,0,0,0,1,0,0,3.3322045101752,17.6092860061724,2.73861278752583,0.020810696888176,1,1,3.3322045101752,0,0.47,5.45958551414416,1,3,1,3,0,1,1,0.655,0,0,0,1,-1.926,-1.71557440573802,1,1,0
"Bangladesh","BNG",771,0.01439,0.03134,0,1,0,0,0,0,1,3.87120101090789,18.8906000016326,5.00999001995014,0.0581296958770245,0,1,0,0,0.05,0,1,3,1,3,0,1,0,0.527,0,0,0,1,-2.15,-2.76614221039931,0,0,0
"Uzbekistan","UZB",704,0.014,0.02209,0,0,0,0,0,0,1,3.3322045101752,17.3081837429967,4.37035467668243,0.0356246409930848,1,1,3.3322045101752,1,0.41,0,1,2,1,2,0,0,0,0.366,0,0,0,1,-0.593,-2.13310054213894,0,0,0
"Zimbabwe","ZIM",552,0.01345,0.02507,0,1,1,0,0,0,0,3.66356164612965,16.4926233164601,5.82237065120385,0.0440820232374563,0,1,1.79175946922805,1,0.39,0,1,4,1,4,0,1,1,0.27,0,0,0,1,-0.409,-2.50524412023037,1,1,0
"Djibouti","DJI",522,0.01312,0.01791,0,0,1,0,0,0,0,3.73766961828337,13.9962887538576,7.05691150575094,0.0424022395892452,1,1,2.99573227355399,0,0.8,0,1,3,1,2,0,0,0,0.555,0,0,0,1,0.055,-1.53214845761458,0,1,0
"Indonesia","INS",850,0.01296,0.03254,0,1,0,1,0,0,0,4.24849524204936,19.3960990507642,4.59347363114234,0.0359401553291042,0,1,2.99573227355399,0,0.74,3.25809653802148,0,4,2,3,0,1,0,0.826,0,0,0,0,0.117,-2.63616690347006,0,0,1
"Tajikistan","TAJ",702,0.01229,0.01685,0,0,0,0,0,0,1,3.3322045101752,16.0410422128494,5.51361950083609,0.0534839315814095,1,1,3.04452243772342,0,0.51,0,1,2,1,1,0,1,1,0.204,0,0,0,1,-2.411,-2.34620042920647,0,1,0
"Laos","LAO",812,0.0122,0.02227,0,1,0,1,0,0,0,4.24849524204936,15.7950665757627,6.13188388670236,0.0468979431424802,0,1,3.78418963391826,1,0.51,0,1,0,2,2,1,0,0,0.071,0,0,0,1,-0.203,-2.032772781069,0,0,0
"North Korea","PRK",731,0.01218,0.01772,1,1,0,1,0,0,0,4.26267987704132,17.0490779315755,4.69041575982343,-0.0165809033733562,0,1,4.26267987704132,1,0.04,0,1,0,1,1,1,0,0,0.011,1,0,1,1,-1.192,-1.42414458525099,0,0,0
"Turkmenistan","TKM",701,0.01133,0.01723,0,0,0,0,0,0,1,3.3322045101752,15.6140919115425,6.26897120746299,0.0444183571216534,1,1,3.3322045101752,1,0.39,0,1,0,1,1,0,0,0,0.114,0,0,1,1,-2.122,-2.8589127433519,0,0,0
"Kazakhstan","KZK",705,0.01131,0.02174,0,0,0,0,0,0,1,3.3322045101752,16.7247059666648,2.96647939483827,0.0271113572635581,1,1,3.3322045101752,0,0.62,0,0,3,1,2,0,0,0,0.496,0,0,0,1,-1.476,-2.27813912715154,0,0,0
"Cambodia","CAM",811,0.01121,0.01467,0,1,0,1,0,0,0,4.18965474202643,16.608861091812,4.89897948556636,0.0553007062397262,0,1,0.693147180559945,1,0.21,0,1,3,0,3,0,1,1,0.413,0,0,0,1,-1.235,-1.4591505935719,0,1,0
"Morocco","MOR",600,0.01089,0.02728,0,0,0,0,0,1,0,4.14313472639153,17.3967106034589,4.38178046004133,0.0176342253454129,0,1,3.98898404656427,0,0.48,0,1,4,2,1,0,1,0,0.769,0,0,0,0,-0.308,-1.85736988154099,0,1,0
"Burkina Faso","BFO",439,0.0105,0.01524,0,0,1,0,0,0,0,4.07753744390572,16.8013074547776,7,0.0469715772779323,1,1,1.38629436111989,0,0.74,3.78418963391826,1,4,1,3,0,1,0,0.898,0,0,0,0,1.146,-2.20490979102601,1,0,1
"Philippines","PHI",840,0.01048,0.0106,1,1,0,1,0,0,0,4.79579054559674,18.4773546166699,4.74341649025257,0.044778819091819,1,1,3.46573590279973,1,0.24,6.04263283368238,1,4,1,3,0,1,1,0.738,0,0,0,1,-0.596,-2.00690481184114,0,0,1
"Iran","IRN",630,0.01012,0.02505,0,1,0,0,0,1,0,6.24997524225948,18.2127787926018,3.5213633723318,0.0287597672976644,0,1,2.70805020110221,1,0.67,4.27666611901606,0,2,1,1,0,1,0,0.494,0,0,0,1,0.146,-2.5667962511987,0,0,0
"Togo","TOG",461,0.009729,0.01393,0,0,1,0,0,0,0,4.07753744390572,15.902277011105,6.8847657912234,0.0335737126026307,1,1,3.25809653802148,0,0.71,0,0,4,2,4,0,1,1,0.425,0,0,0,0,-0.356,-2.03320435277368,0,1,0
"Mauritania","MAA",435,0.00944,0.01115,0,0,1,0,0,0,0,4.07753744390572,15.3433047880567,7.17635004720366,0.0229906429443863,0,1,2.30258509299405,1,0.62,0,1,3,1,1,0,1,0,0.706,0,0,0,1,-1.101,-1.45250682484251,0,1,0
"Nepal","NEP",790,0.009332,0.01711,0,1,0,0,0,0,1,5.52545293913178,17.1496774162523,5.16720427310553,0.0451581261600405,1,1,2.56494935746154,0,0.66,0,1,4,2,3,0,1,0,0.804,0,0,0,0,0.937,-2.37862933211277,0,0,1
"Jordan","JOR",663,0.009282,0.02206,0,1,0,0,0,1,0,4.29045944114839,16.1285409543835,3.72827037646145,0.00931227938534313,0,1,3.40119738166216,1,0.59,0,1,4,1,2,0,1,0,0.706,0,0,0,1,0.553,-1.82665435183319,0,1,0
"Cuba","CUB",40,0.009042,0.01217,0,1,0,0,0,0,0,5.01727983681492,16.2555300922807,1.92353840616713,-0.009,0,1,4.06044301054642,0,0.59,0,1,0,1,2,0,0,0,0.23,0,1,0,0,1.144,-2.97099811505619,0,1,0
"Nicaragua","NIC",93,0.008444,0.01399,0,1,0,0,0,0,0,5.19849703126583,15.7100539980478,3.96232255123179,-0.0381254039710544,1,1,1.09861228866811,1,0.48,0,1,4,0,2,0,0,0,0.108,0,0,1,1,-0.951,-1.78180029715184,0,0,1
"Azerbaijan","AZE",373,0.008161,0.01656,0,1,0,0,1,0,0,3.3322045101752,16.1272001429412,4.38178046004133,0.00496559593659359,1,1,3.17805383034795,1,0.2,0,1,4,1,2,0,0,0,0.264,0,0,1,1,-1.65,-1.79663103496763,0,0,0
"Eritrea","ERI",531,0.007975,0.009595,0,0,1,0,0,0,0,3.25809653802148,15.6023656872199,5.59464029227975,0,0,1,3.25809653802148,1,0.65,0,1,0,1,1,0,0,0,0.065,0,0,0,1,0.792,-1.23304136862702,0,0,0
"Saudi Arabia","SAU",670,0.007647,0.01324,0,0,0,0,0,1,0,4.46590811865458,17.3303576188045,2.44948974278318,0.0115760063397559,0,1,4.53259949315326,1,0.18,0,1,0,1,0,0,0,0,0.2,1,0,0,1,-1.361,-2.15519730574571,0,0,0
"Colombia","COL",100,0.007573,0.01133,0,1,0,0,0,0,0,5.29831736654804,17.7154520925817,3.4928498393146,0.015228214242093,1,1,4.12713438504509,1,0.6,4.96284463025991,1,4,1,4,0,1,1,0.649,0,0,0,1,-0.797,-2.80908387556943,0,0,1
"South Africa","SAF",560,0.007553,0.01376,0,1,1,0,0,0,0,4.69134788222914,17.8664072045812,5.33853912601566,-0.00155171460421188,1,1,3.2188758248682,0,0.75,0,1,4,1,4,0,1,1,0.836,0,0,0,1,0.954,-2.27304670285936,0,0,1
"Equatorial Guinea","EQG",411,0.007276,0.008927,0,1,1,0,0,0,0,3.93182563272433,14.2503353470561,7.91201617794099,-0.0309884916810913,1,1,3.91202300542815,1,0.35,0,1,2,1,3,0,0,0,0.102,0,0,0,1,-0.826,-1.73288834370443,0,0,0
"Gabon","GAB",481,0.007097,0.01027,0,0,1,0,0,0,0,4.07753744390572,14.6685914426189,5.71839138219832,0.00338513756537559,0,1,2.30258509299405,0,0.77,0,1,4,2,4,0,1,1,0.915,0,0,0,1,0.6,-2.11112427431164,0,1,0
"Sierra Leone","SIE",451,0.007066,0.01137,0,1,1,0,0,0,0,4.06044301054642,15.8724854768323,8.86002257333467,0.0240451794811551,1,1,2.83321334405622,0,0.82,0,0,4,1,4,0,1,1,0.928,0,0,0,0,0.443,-1.98320014467616,0,0,1
"Madagascar","MAG",580,0.00699,0.01011,0,0,1,0,0,0,0,4.07753744390572,17.083092974319,6.18061485614498,0.0360757137223941,1,1,1.6094379124341,0,0.88,0,1,4,1,4,0,1,1,0.611,0,0,0,1,0.374,-2.05235486891301,0,0,1
"Brazil","BRA",140,0.006929,0.01147,0,0,0,0,0,0,0,5.26785815906333,19.1512066707845,3.57770876399966,0.00253194862327903,0,1,3.52636052461616,0,0.54,0,1,4,1,4,0,1,1,0.817,0,0,0,0,0.214,-3.06861154266526,0,0,1
"United Arab Emirates","UAE",696,0.006887,0.01344,0,0,0,0,0,1,0,3.87120101090789,16.0961780761269,2.54950975679639,0.00505597831914572,0,1,3.87120101090789,1,0.63,0,1,1,1,3,0,0,0,0.376,0,0,0,1,-0.474,-1.17300790415556,0,0,0
"Bahrain","BAH",692,0.006812,0.01663,0,0,0,0,0,1,0,3.87120101090789,14.4047100854364,2.46981780704569,0.00797223582796712,0,1,1.94591014905531,1,0.5,0,0,2,0,1,1,0,0,0.027,1,0,1,1,-1.624,-1.19127053555436,0,0,0
"The Gambia","GAM",420,0.006641,0.007879,0,0,1,0,0,0,0,3.98898404656427,14.7342303653522,6.2449979983984,0.0477148888833752,1,1,0.693147180559945,0,0.79,0,0,4,1,4,0,1,1,0.786,0,1,0,1,1.326,-2.26967014151697,1,1,0
"Comoros","COM",581,0.006552,0.005914,0,0,1,0,0,0,0,3.78418963391826,13.8858023355966,7.16240183178799,0.0163974999094357,0,1,0,0,0,0,1,4,1,2,0,1,1,0.567,0,0,0,0,1.351,-2.2502762941071,0,1,0
"Papua New Guinea","PNG",910,0.006416,0.009164,0,1,0,1,0,0,0,3.78418963391826,15.9867154021742,6.16441400296898,-0.0031548256626137,0,1,3.78418963391826,0,0.27,0,1,4,1,4,0,1,0,0.692,0,1,0,0,-0.348,-0.648296614394594,0,1,0
"Democratic Republic of Vietnam","VIE",816,0.006325,0.008961,0,1,0,1,0,0,0,3.76120011569356,18.3676067232645,4.06201920231798,0.0516361070757801,0,1,4.17438726989564,1,0.24,0,1,0,2,2,0,1,1,0.373,0,0,0,1,-0.195,-1.01035370184811,0,0,0
"Mexico","MEX",70,0.006191,0.008269,0,0,0,0,0,0,0,5.28826703069454,18.6452149607756,3.3166247903554,0.00975661281354669,1,1,3.09104245335832,0,0.54,0,1,4,1,4,0,1,1,0.909,0,0,0,0,0.06,-1.946666943382,0,0,1
"Ghana","GHA",452,0.006095,0.008387,0,0,1,0,0,0,0,4.12713438504509,17.2072430926901,5.90762219509677,0.0449415298612431,1,1,2.89037175789616,0,0.67,0,1,4,2,4,0,1,1,0.857,0,0,0,0,1.042,-1.84160056150067,0,0,1
"Zambia","ZAM",551,0.0058,0.00764,0,0,1,0,0,0,0,4.00733318523247,16.6735101805754,6.35609943282828,0.0245969049116775,1,1,2.89037175789616,0,0.78,0,1,4,1,4,0,1,1,0.65,0,0,0,0,0.437,-2.01271904015499,0,0,1
"Ecuador","ECU",130,0.00563,0.006261,0,0,0,0,0,0,0,5.24174701505964,16.6581994465305,3.4928498393146,0.00467099372874929,1,1,2.94443897916644,0,0.66,0,1,4,1,4,0,1,1,0.959,0,1,0,0,0.826,-2.5654526198007,0,1,0
"Liberia","LBR",450,0.005624,0.009487,0,1,1,0,0,0,0,5.14749447681345,15.428838973476,7.3143694191639,0.00339706897404258,0,1,2.56494935746154,0,0.91,0,1,4,1,4,0,1,1,0.806,0,0,0,0,1.197,-1.49509612469055,0,0,1
"Kyrgyzstan","KYR",703,0.005555,0.007392,0,0,0,0,0,0,1,3.3322045101752,15.6875127790945,4.11096095821889,0.0221665000231957,1,1,2.07944154167984,0,0.68,0,1,4,1,2,0,1,1,0.819,0,0,0,1,0.888,-1.69235751378342,0,0,1
"Peru","PER",135,0.005418,0.008321,0,1,0,0,0,0,0,4.9416424226093,17.2786573051416,3.33166624979154,0.0260935533314105,1,1,2.89037175789616,0,0.66,0,1,4,1,4,0,1,1,0.871,0,0,0,1,1.167,-2.49343241332318,0,0,1
"Fiji","FJI",950,0.005373,0.005999,0,0,0,1,0,0,0,3.89182029811063,13.9319317965988,4.6475800154489,0.0345286431241052,0,1,1.6094379124341,0,0.55,0,1,4,1,3,0,1,1,0.715,0,0,0,1,0.834,-1.11867546676645,0,1,0
"Sri Lanka","SRI",780,0.005194,0.007382,0,1,0,0,0,0,1,3.85014760171006,16.8928919085953,2.5298221281347,0.0197693249436189,1,1,0,0,0.42,0,1,4,1,4,0,1,1,0.845,0,1,0,1,0.299,-2.40750911627097,0,0,1
"Senegal","SEN",433,0.005161,0.006343,0,0,1,0,0,0,0,4.07753744390572,16.5846050325483,5.63914887194867,0.0490854277946114,1,1,2.94443897916644,0,0.69,0,1,4,1,3,0,1,1,0.862,0,0,0,0,0.842,-2.3074817113287,0,0,1
"Guatemala","GUA",90,0.005059,0.006026,0,1,0,0,0,0,0,5.19295685089021,16.6675837820747,4.70106370941726,0.0192407965944603,1,1,3.13549421592915,1,0.51,0,1,4,0,4,0,1,1,0.736,0,0,0,1,-0.161,-2.56692502668312,0,0,1
"Argentina","ARG",160,0.004833,0.006287,0,1,0,0,0,0,0,5.31320597904179,17.6064291787429,2.96647939483827,-0.0274023115495966,1,1,3.58351893845611,0,0.26,0,1,4,1,4,0,1,1,0.948,0,0,0,0,1.258,-3.00644824376488,0,0,1
"Malaysia","MAL",820,0.004551,0.005557,0,0,0,1,0,0,0,4.12713438504509,17.2642657152527,2.58843582110896,0.032250989682477,0,1,2.39789527279837,1,0.59,0,1,4,1,3,0,1,1,0.699,0,0,0,1,1.989,-1.39594583874705,0,0,1
"Dominican Republic","DOM",42,0.004545,0.005733,0,1,0,0,0,0,0,5.03695260241363,16.1922214592126,4.90917508345343,0.0506055532482228,1,1,3.13549421592915,0,0.43,0,1,4,1,4,0,1,1,0.936,0,0,0,0,0.345,-2.36399570481957,0,0,1
"Malawi","MAW",553,0.004148,0.005934,0,1,1,0,0,0,0,4.00733318523247,16.7174916992725,5.94138031100518,0.0221665000231951,1,1,3.2188758248682,0,0.67,0,0,4,1,4,0,1,1,0.779,0,1,0,1,0.772,-2.19247383292913,0,0,1
"Tunisia","TUN",616,0.004076,0.005607,0,0,0,0,0,1,0,4.14313472639153,16.2749330110046,3.82099463490856,0.0139690225430878,1,1,1.6094379124341,0,0.04,0,1,4,2,3,0,1,1,0.767,0,0,0,0,1.116,-1.73719666629635,0,0,1
"United States of America","USA",2,0.004055,0.006049,0,0,0,0,0,0,0,5.46383180502561,19.5966701112399,2.36643191323985,0.0168671609341281,0,1,5.34710753071747,0,0.49,0,1,4,1,4,0,1,1,0.957,0,1,0,0,0.441,-3.156355575639,0,0,1
"Benin","BEN",434,0.004005,0.004595,0,0,1,0,0,0,0,4.07753744390572,16.2681265449833,7.77817459305202,0.0498412364272788,1,1,3.3322045101752,0,0.79,0,1,4,1,4,0,1,1,0.961,0,1,0,0,0.988,-1.95700511203398,0,0,1
"Canada","CAN",20,0.003869,0.004872,0,0,0,0,0,0,0,5.02388052084628,17.4246974218414,2.07364413533277,0.00880354799506621,1,1,4.87519732320115,0,0.71,0,1,4,1,4,0,1,1,0.916,0,0,0,1,1.453,-2.16774635996595,0,0,1
"Bosnia and Herzegovina","BOS",346,0.003665,0.004841,0,1,0,0,1,0,0,3.29583686600433,15.0794783991717,2.23606797749979,0.018590831291562,1,1,0,0,0.63,0,1,4,1,4,0,1,1,0.638,0,0,0,1,0.79,-1.72452119018484,0,0,0
"Qatar","QAT",694,0.003633,0.005848,0,0,0,0,0,1,0,3.87120101090789,14.9149972384114,2.40831891575846,0.005120325050368,0,1,3.87120101090789,1,0.75,0,0,1,1,1,0,0,0,0.203,1,1,0,1,-1.561,-1.85970827843037,0,0,0
"Namibia","NAM",565,0.003238,0.003347,0,0,1,0,0,0,0,3.36729582998647,14.7985423257607,5.3851648071345,-0.00729394427967627,1,1,3.36729582998647,0,0.63,0,1,4,1,4,0,1,1,0.827,0,0,0,1,0.755,-1.90183065371727,0,0,1
"Singapore","SIN",830,0.003236,0.002854,0,0,0,1,0,0,0,3.98898404656427,15.5786935658944,1.51657508881031,0.0191951727485558,0,1,3.98898404656427,1,0.39,0,1,3,1,3,0,1,1,0.628,0,1,0,1,0.452,-0.398981784169931,0,1,0
"Honduras","HON",91,0.003215,0.002974,0,0,0,0,0,0,0,5.19849703126583,16.0917729658161,3.88587184554509,0.0241904692079291,1,1,3.61091791264422,0,0.19,0,1,4,1,4,0,1,1,0.729,0,0,0,1,-0.734,-1.68129119105958,0,0,1
"Serbia","SRB",345,0.003152,0.003343,0,0,0,0,1,0,0,2.56494935746154,15.7841464604467,2.19089023002066,0.0287743763362411,1,1,2.56494935746154,0,0.57,0,1,4,1,4,0,1,1,0.711,0,0,0,1,0.917,-1.59750980109693,0,0,1
"Lebanon","LEB",660,0.003143,0.004661,0,0,0,0,0,1,0,4.33073334028633,15.7655661351911,2.5298221281347,-0.00503029196800771,0,1,2.63905732961526,0,0.13,0,1,4,1,3,0,1,0,0.692,0,0,0,1,-0.321,-2.21582573034855,0,0,1
"Paraguay","PAR",150,0.003109,0.002401,0,0,0,0,0,0,0,5.33753807970132,15.7805437704956,4.14728827066554,0.0233023895419222,1,1,3.29583686600433,1,0.17,0,1,4,1,4,0,1,1,0.807,1,0,0,1,0.215,-2.10192210159747,0,0,1
"Lesotho","LES",570,0.003061,0.002608,0,0,1,0,0,0,0,3.97029191355212,14.6638799493716,8.10555365166378,0.00546381882402634,1,1,2.83321334405622,0,0.26,0,1,4,1,4,0,1,0,0.723,0,1,0,0,0.908,-1.49376483977957,1,0,1
"Germany","GER",255,0.003046,0.002994,0,0,0,0,1,0,0,3.36729582998647,18.2264284225106,1.7606816861659,0.00506803639960253,1,1,3.36729582998647,0,0.17,0,1,4,1,4,0,1,1,0.967,0,1,0,0,1.845,-1.85647314840763,0,0,1
"Australia","AUL",900,0.002962,0.002725,0,0,0,1,0,0,0,4.77068462446567,17.0340081222367,1.7606816861659,0.0166855224566779,1,1,4.77068462446567,0,0.09,0,1,4,1,4,0,1,1,0.931,0,0,0,0,1.033,-2.6366651233923,0,0,1
"Guinea-Bissau","GNB",404,0.002937,0.002676,0,0,1,0,0,0,0,3.80666248977032,14.5595205789384,7.34846922834953,0.0246389286297215,1,1,1.6094379124341,0,0.81,0,1,3,1,4,0,1,1,0.752,0,1,0,1,-0.888,-2.31024306687871,0,0,1
"Moldova","MLD",359,0.002925,0.002943,0,0,0,0,1,0,0,3.3322045101752,15.1397075257657,3.68781778291716,0.0262872143901659,1,1,3.3322045101752,0,0.55,0,1,4,1,4,0,1,1,0.841,0,0,0,1,-0.015,-1.86242926597383,0,0,1
"Panama","PAN",95,0.002922,0.002791,0,0,0,0,0,0,0,4.75359019110636,15.2934325640142,3.61939221417077,0.0236253452343743,1,1,3.40119738166216,0,0.55,0,1,4,1,4,0,1,1,0.821,0,0,0,0,-0.777,-1.88195115902152,0,0,1
"South Korea","ROK",732,0.002885,0.003097,0,1,0,1,0,0,0,4.26267987704132,17.7544910578983,1.6431676725155,0.0153121977115713,1,1,3.43398720448515,0,0,0,1,4,1,4,0,1,1,0.96,0,1,0,0,0.621,-1.91040454226315,0,0,1
"Botswana","BOT",571,0.002884,0.003035,0,0,1,0,0,0,0,3.97029191355212,14.7239161262811,5.47722557505166,0.0300251935172257,0,1,3.97029191355212,0,0.41,0,0,4,1,4,0,1,1,0.892,0,0,0,0,0.389,-1.99839579663291,0,0,1
"Poland","POL",290,0.002856,0.00289,0,1,0,0,1,0,0,4.61512051684126,17.44904838105,1.94935886896179,0.0357604406809426,1,1,3.3322045101752,0,0.12,0,1,4,0,4,0,1,1,0.8,0,1,0,0,1.632,-1.62791360285712,0,0,1
"Bolivia","BOL",145,0.002813,0.00287,0,0,0,0,0,0,0,5.26785815906333,16.2568238743912,4.6690470119715,0.0281302033315428,1,1,3.61091791264422,0,0.74,0,1,4,1,4,0,1,1,0.852,0,1,0,1,1.463,-2.32333191065636,0,0,1
"Japan","JPN",740,0.002733,0.002671,0,0,0,1,0,0,0,7.21450441415114,18.6478870142808,1.34164078649987,-0.000184539746621181,0,1,4.20469261939097,0,0.01,0,1,4,1,4,0,1,1,0.853,0,1,0,0,1.932,-2.98229848822105,0,0,1
"Romania","RUM",360,0.002725,0.002798,0,1,0,0,1,0,0,4.95582705760126,16.7873323206141,2.46981780704569,0.0270757043629709,1,1,3.13549421592915,0,0.31,0,1,4,0,4,0,1,1,0.838,0,1,0,0,0.473,-1.86490775107805,0,0,1
"Swaziland","SWA",572,0.002673,0.001806,0,0,1,0,0,0,0,3.93182563272433,14.1329764447611,6.557438524302,-0.00153548581328482,0,1,3.8286413964891,1,0.06,0,1,1,1,2,0,1,0,0.521,0,0,0,1,0.685,-1.71290086138357,0,0,0
"Israel","ISR",666,0.002626,0.003893,0,0,0,0,0,1,0,4.26267987704132,16.0175616501327,1.73205080756888,0.020590998209146,0,1,3.63758615972639,0,0.34,4.07753744390572,1,4,1,4,0,1,1,0.73,0,1,0,0,0.766,-2.31181745958093,0,0,1
"Spain","SPN",230,0.002596,0.002528,0,0,0,0,1,0,0,6.26720054854136,17.6550480642691,1.58113883008419,0.0145987795269567,1,1,3.71357206670431,0,0.42,0,1,4,2,4,0,1,1,0.859,0,1,0,0,1.202,-2.15352345100276,0,0,1
"France","FRN",220,0.002592,0.002271,0,0,0,0,1,0,0,7.06987412845857,18.0136776911281,1.84390889145858,0.00753698022564639,1,1,3.91202300542815,0,0.1,0,1,4,2,4,0,1,1,0.931,0,1,0,0,1.035,-2.20709993550509,0,0,1
"Chile","CHL",155,0.002563,0.002388,0,1,0,0,0,0,0,5.30330490805908,16.748843654572,2.48997991959775,0.0264903900464922,1,1,3.40119738166216,1,0.19,0,1,4,1,4,0,1,1,0.925,0,1,0,1,0.15,-2.31522451246835,0,0,1
"Bhutan","BHU",760,0.002562,0.002285,0,0,0,0,0,0,1,4.89783979995091,13.8111759480622,4.97995983919549,0.0121997132893845,0,1,2.39789527279837,0,0.6,0,1,3,1,3,0,1,0,0.654,0,1,0,0,1.466,-2.05844547354579,0,0,1
"Croatia","CRO",344,0.002514,0.002267,0,0,0,0,1,0,0,3.3322045101752,15.2734814173892,2,0.0149950237509142,1,1,2.94443897916644,0,0.37,0,1,4,1,4,0,1,1,0.738,0,0,0,1,0.682,-1.69273023742783,0,0,1
"Italy","ITA",325,0.002514,0.002206,0,0,0,0,1,0,0,5.06259503302697,17.9110878677559,1.61245154965971,0.000394789858862279,1,1,4.26267987704132,0,0.11,0,1,4,1,4,0,1,1,0.965,0,1,0,0,1.835,-2.25037030330843,0,0,1
"United Kingdom","UKG",200,0.002481,0.00253,0,0,0,0,1,0,0,6.18001665365257,18.0062398777194,1.89736659610103,0.0048397828259927,0,1,4.93447393313069,0,0.12,0,1,4,1,4,0,1,1,0.954,0,1,0,0,1.075,-2.24435312724908,0,0,1
"Guyana","GUY",110,0.00248,0.002193,0,0,0,0,0,0,0,3.97029191355212,13.8353503758324,5.00999001995014,0.0216938875711677,1,1,3.29583686600433,0,0.62,0,0,4,1,4,0,1,1,0.884,0,0,0,1,0.879,-1.72727139161336,0,0,1
"Timor-Leste","ETM",860,0.002352,0.002615,0,0,0,1,0,0,0,2.83321334405622,14.2237063572046,6.26897120746299,0.0165127268577359,0,1,2.83321334405622,0,0.9,0,1,4,1,4,0,1,1,0.879,0,1,0,0,0.106,-2.73780178940169,0,0,1
"El Salvador","SAL",92,0.002193,0.002074,0,1,0,0,0,0,0,5.18178355029209,15.7033665401175,3.43511280746353,0.0142352119854535,1,1,3.55534806148941,0,0.2,0,1,4,1,4,0,1,1,0.687,0,1,0,0,-0.698,-1.98580209412667,0,0,1
"Bulgaria","BUL",355,0.002174,0.002161,0,1,0,0,1,0,0,4.94875989037817,15.7899541675471,2.42899156029822,0.0187146372143713,1,1,3.36729582998647,0,0.4,0,1,4,1,4,0,1,1,0.885,0,1,0,0,0.898,-1.43084214473951,0,0,1
"Georgia","GRG",372,0.002099,0.002256,0,1,0,0,1,0,0,3.3322045101752,15.1873067533798,2.94957624075052,0.0321993959773316,1,1,3.3322045101752,0,0.49,0,1,4,1,3,0,1,1,0.942,0,1,0,1,0.1,-1.48741383369033,0,0,1
"Hungary","HUN",310,0.002079,0.001913,0,1,0,0,1,0,0,5.13579843705026,16.1100284301313,1.89736659610103,0.0340376079649324,1,1,3.36729582998647,0,0.15,0,1,4,1,4,0,1,1,0.832,0,1,0,0,0.597,-1.12992984120075,0,0,1
"Kuwait","KUW",690,0.002032,0.003053,0,0,0,0,0,1,0,4.06044301054642,15.2844579401511,2.58843582110896,0.00354132846956633,0,1,4.00733318523247,0,0.66,0,0,2,1,2,0,1,0,0.518,0,1,0,1,-0.53,-1.79498198457512,0,0,0
"Oman","OMA",698,0.002009,0.002016,0,0,0,0,0,1,0,5.91079664404053,15.4309088779049,3.13049516849971,0.0108356669721512,0,1,4.12713438504509,1,0.44,0,1,0,1,2,0,1,0,0.323,0,1,0,1,-0.552,-1.61881678352116,0,0,0
"Czech Republic","CZR",316,0.001976,0.001654,0,0,0,0,1,0,0,3.25809653802148,16.1920863215736,1.6431676725155,0.0176978694012691,1,1,3.25809653802148,0,0.32,0,1,4,1,4,0,1,1,0.964,0,1,0,0,1.086,-1.25404614800071,0,0,1
"Belarus","BLR",370,0.001946,0.001754,0,0,0,0,1,0,0,3.3322045101752,16.0813378637156,1.61245154965971,0.0184570786891191,1,1,3.13549421592915,0,0.32,0,1,4,1,3,0,1,1,0.693,0,1,0,0,2.017,-1.33829073339596,0,0,0
"Belgium","BEL",211,0.001932,0.001672,0,0,0,0,1,0,0,5.24174701505964,16.2627458916223,1.70293863659264,0.00517131146805859,1,1,4.31748811353631,0,0.56,0,1,4,1,4,0,1,1,0.945,0,1,0,0,1.936,-1.0825885033023,0,0,1
"Netherlands","NTH",210,0.001883,0.001384,0,0,0,0,1,0,0,6.11146733950268,16.666623847707,1.81659021245849,0.0147282283808107,1,1,4.30406509320417,0,0.11,0,1,4,1,4,0,1,1,0.939,0,1,0,0,1.957,-1.2019515339125,0,0,1
"Mongolia","MON",712,0.001823,0.001476,0,0,0,1,0,0,0,4.68213122712422,15.035531419094,3.74165738677394,0.0505898582580998,1,1,3.29583686600433,0,0.37,0,1,4,2,4,0,1,1,0.956,0,1,0,1,0.819,-1.46866983152592,0,0,1
"Greece","GRC",350,0.001816,0.001321,0,0,0,0,1,0,0,5.23110861685459,16.2014176972741,1.89736659610103,0.00926347872459083,1,1,3.78418963391826,0,0.16,0,1,4,1,4,0,1,1,0.959,0,1,0,0,2.235,-2.05952479508365,0,0,1
"Albania","ALB",339,0.00181,0.001574,0,1,0,0,1,0,0,4.67282883446191,14.9425398321685,2.79284800875379,0.0263235857468576,1,1,3.09104245335832,0,0.22,0,1,4,1,4,0,1,1,0.822,0,1,0,0,-0.467,-1.98973409564461,0,0,1
"Slovakia","SLO",317,0.001755,0.00134,0,0,0,0,1,0,0,3.25809653802148,15.5456118490802,2.14476105895272,0.0271859387528238,1,1,3.25809653802148,0,0.25,0,1,4,1,3,0,1,1,0.864,0,1,0,0,1.113,-0.982299340367613,0,0,1
"Jamaica","JAM",51,0.001701,0.001296,0,0,0,0,0,0,0,4.04305126783455,14.9642663683423,3.5213633723318,0.00861980723576297,1,1,4.0943445622221,0,0.41,0,1,4,1,4,0,1,1,0.877,0,1,0,0,1.906,-2.01544170128291,0,0,1
"Switzerland","SWZ",225,0.001694,0.001579,0,0,0,0,1,0,0,6.59030104819669,15.9765286514257,1.92353840616713,0.0142582451670774,0,1,5.14166355650266,0,0.53,0,1,4,1,4,0,1,1,0.966,0,1,0,0,1.722,-1.51414176623359,0,0,1
"Armenia","ARM",371,0.001689,0.001188,0,0,0,0,1,0,0,3.3322045101752,14.9695629922718,3.3166247903554,0.0361769288708966,1,1,3.04452243772342,0,0.13,0,1,4,1,3,0,1,1,0.941,0,1,0,0,0.383,-1.81610361051341,0,0,1
"Portugal","POR",235,0.001681,0.001103,0,0,0,0,1,0,0,6.77536609093639,16.1599555907902,1.7606816861659,0.0109961677456793,1,1,3.76120011569356,0,0.05,0,1,4,1,4,0,1,1,0.966,0,1,0,0,1.956,-1.85821989640915,0,0,1
"Macedonia","MAC",343,0.001662,0.001343,0,0,0,0,1,0,0,3.3322045101752,14.6472788734762,2.79284800875379,-0.00666666666666667,1,1,2.83321334405622,0,0.5,0,1,4,1,3,0,1,1,0.744,0,1,0,1,-0.443,-1.01627666647939,0,0,1
"Austria","AUS",305,0.001647,0.0012,0,0,0,0,1,0,0,4.61512051684126,16.0135291933099,1.70293863659264,0.0158130433235747,1,1,4.29045944114839,0,0.11,0,1,4,1,3,0,1,1,0.935,0,1,0,0,0.992,-1.64555183547706,0,0,1
"Trinidad and Tobago","TRI",52,0.001639,0.001307,0,0,0,0,0,0,0,4.04305126783455,14.3008738277581,4.04969134626332,-0.000909500394387601,1,1,4.04305126783455,0,0.65,0,1,4,1,4,0,1,1,0.888,0,1,0,0,0.958,-0.0214098294840164,0,0,1
"Costa Rica","COS",94,0.001605,0.001174,0,0,0,0,0,0,0,5.28826703069454,15.4638122676399,2.75680975041804,0.0152770763861372,1,1,4.60517018598809,0,0.24,0,1,4,1,4,0,1,1,0.945,0,1,0,0,0.208,-2.1501091975039,0,0,1
"Cyprus","CYP",352,0.001593,0.001053,0,0,0,0,1,0,0,4.07753744390572,14.1705129443771,1.37840487520902,0.0252651525072547,1,1,3.80666248977032,0,0.09,0,1,4,1,4,0,1,1,0.922,0,0,0,0,1.517,-1.41249758029413,0,0,1
"Sweden","SWD",380,0.001562,0.001064,0,0,0,0,1,0,0,6.20657592672493,16.1505518079194,1.48323969741913,0.0127625316567371,1,1,4.62497281328427,0,0.06,0,1,4,1,4,0,1,1,0.842,0,1,0,0,1.303,-1.80977450382156,0,0,1
"Uruguay","URU",165,0.001562,0.001069,0,0,0,0,0,0,0,5.26785815906333,15.1139432187804,2.5298221281347,0.00667330322524644,1,1,3.52636052461616,0,0.25,0,1,4,1,4,0,1,1,0.941,0,1,0,0,1.073,-2.71680476063008,0,0,1
"New Zealand","NEW",920,0.001552,0.001261,0,0,0,1,0,0,0,4.71849887129509,15.4418736648756,2.16794833886788,0.0162415648086602,1,1,4.95582705760126,0,0.4,0,1,4,2,4,0,1,1,0.937,0,1,0,0,1.437,-2.45111870212805,0,0,1
"Mauritius","MAS",590,0.001494,0.001141,0,0,1,0,0,0,0,3.93182563272433,14.2219481291465,3.68781778291716,0.0244231590476734,1,1,3.93182563272433,0,0.46,0,0,4,1,4,0,1,1,0.947,0,1,0,1,0.468,-1.76303385437336,0,0,1
"Lithuania","LIT",368,0.001488,0.001079,0,0,0,0,1,0,0,3.3322045101752,14.9175840257047,1.81659021245849,0.022114486785281,1,1,3.3322045101752,0,0.32,0,1,4,1,4,0,1,1,0.767,0,1,0,0,1.071,-1.17223132492116,0,0,1
"Latvia","LAT",367,0.001476,0.001202,0,0,0,0,1,0,0,3.3322045101752,14.5837959351133,1.81659021245849,0.0326307795671831,1,1,3.3322045101752,0,0.59,0,1,4,2,4,0,1,1,0.949,0,1,0,0,1.355,-1.51844443928074,0,0,1
"Denmark","DEN",390,0.001452,0.0008966,0,0,0,0,1,0,0,6.96034772910131,15.6052923156468,1.89736659610103,0.00559841863459834,1,1,4.30406509320417,0,0.08,0,1,4,1,4,0,1,1,0.967,0,1,0,0,2.703,-1.66098326171298,0,0,1
"Ireland","IRE",205,0.001426,0.0009789,0,0,0,0,1,0,0,4.57471097850338,15.4356258798521,1.7606816861659,0.0606529088260842,1,1,4.58496747867057,0,0.12,0,1,4,1,4,0,1,1,0.949,0,1,0,0,1.274,-0.877405714738472,0,0,1
"Solomon Islands","SOL",940,0.001421,0.0009694,0,0,0,1,0,0,0,3.71357206670431,13.7047545874506,4.13521462562707,0.0212230446866451,0,1,2.70805020110221,0,0.11,0,1,4,1,4,0,1,0,0.821,0,1,0,0,0.204,-0.415967830307314,0,0,1
"Finland","FIN",375,0.001415,0.0009608,0,0,0,0,1,0,0,4.61512051684126,15.5580013085175,1.18321595661992,0.00698194527274095,1,1,4.31748811353631,0,0.13,0,1,4,1,4,0,1,1,0.94,0,1,0,0,1.978,-1.96543655531001,0,0,1
"Norway","NOR",385,0.001412,0.0009239,0,0,0,0,1,0,0,4.7361984483945,15.5220535842812,1.44913767461894,0.00523884968787424,1,1,4.30406509320417,0,0.06,0,1,4,1,4,0,1,1,0.949,0,1,0,0,2.392,-2.08918788306088,0,0,1
"Estonia","EST",366,0.001329,0.0009345,0,0,0,0,1,0,0,3.3322045101752,14.2579393032777,1.44913767461894,0.0251808320949715,1,1,2.94443897916644,0,0.51,0,1,4,1,4,0,1,1,0.949,0,1,0,0,2.259,-1.27949313657807,0,0,1
"Slovenia","SLV",349,0.001297,0.0008574,0,0,0,0,1,0,0,3.3322045101752,14.6464541553793,1.30384048104053,0.0303026078351689,1,1,3.3322045101752,0,0.22,0,1,4,1,4,0,1,1,0.919,0,1,0,0,1.7,-1.17918070260234,0,0,1
"Montenegro","MNE",341,0.001275,0.0009876,0,0,0,0,1,0,0,2.56494935746154,13.6704272228706,1.51657508881031,0.0333290507938961,1,1,2.56494935746154,0,0.7,0,1,4,1,4,0,1,1,0.721,0,1,0,1,0.028,-1.59343645717885,0,0,1
